,word,mean_ga,mean_freq
1,безликий_ADJ,0.8222912675701082,3.6750062268539743e-06
51,наблюдательный_ADJ,0.7430031299591064,1.575410377323644e-05
35,классный_ADJ,0.7407559752464294,2.1991273033140222e-05
96,резонный_ADJ,0.737600470893085,1.633049016644869e-06
58,нерадивый_ADJ,0.7365869041532278,3.099331919439888e-06
128,четкий_ADJ,0.7358026280999184,3.031233427492824e-05
56,негативный_ADJ,0.7347807139158249,1.9624672807675198e-05
66,нудный_ADJ,0.7119356393814087,6.171798935389036e-06
23,завидный_ADJ,0.7079780753701925,7.872604516394938e-06
30,интеллигентный_ADJ,0.7040820540860295,2.8923996953308777e-05
90,противный_ADJ,0.6964032873511314,8.50068637738832e-05
37,кошмарный_ADJ,0.6942838390823454,6.834170919614386e-06
17,дорогой_ADJ,0.6939072106033564,0.00022112424080489532
93,пустой_ADJ,0.6851595230400562,0.00022158747962976104
44,легендарный_ADJ,0.6703913733363152,1.5356479790001853e-05
32,искусный_ADJ,0.66468420997262,1.9671784763382524e-05
67,обаятельный_ADJ,0.664577822200954,1.0861409879895176e-05
109,сумасшедший_ADJ,0.6620693579316139,3.834937720258959e-05
82,правый_ADJ,0.6616868190467358,0.00017956925471752263
36,короткий_ADJ,0.6602054256945848,0.00018077636789599273
64,нищенский_ADJ,0.6584097305312753,4.9698056864029885e-06
87,провинциальный_ADJ,0.6565563008189201,2.9830616218134544e-05
74,пикантный_ADJ,0.6564221307635307,4.425549024645589e-06
83,праздничный_ADJ,0.6556295999325812,3.981696403771478e-05
48,любимый_ADJ,0.6546812150627375,0.00012514861926446225
63,низкий_ADJ,0.653482158202678,0.0001768120048269351
97,родной_ADJ,0.653301221318543,0.00017263491344265912
26,злостный_ADJ,0.6506511969491839,5.324928603345008e-06
24,здоровый_ADJ,0.6502613052725792,0.00015169657653801136
7,воспитанный_ADJ,0.6473061600700021,9.524046602495694e-06
14,грамотный_ADJ,0.6447421219199896,1.908719970441936e-05
118,тяжелый_ADJ,0.6391889918595552,0.0003763008310509329
111,счастливый_ADJ,0.6382347149774432,0.00020833231905627314
76,плохой_ADJ,0.6375254467129707,0.0002366868248368508
108,строгий_ADJ,0.6328023103997111,0.00011417810137239793
73,печальный_ADJ,0.6325147151947021,9.369158672694027e-05
55,невыносимый_ADJ,0.6320485307805939,2.6991160245693027e-05
72,отличный_ADJ,0.6312230415642262,8.904828633628822e-05
132,эффектный_ADJ,0.6306731193326414,1.08488988509147e-05
119,ужасный_ADJ,0.6306487405672669,0.00013165123735302202
84,превосходный_ADJ,0.6303417445160449,3.760205806847485e-05
2,безупречный_ADJ,0.6302941204048693,1.000150758513866e-05
61,неудачный_ADJ,0.6296609397977591,2.992027682873062e-05
16,добрый_ADJ,0.6289860177785158,0.00032823893057268007
62,неуместный_ADJ,0.6282179895788431,1.4885981393808462e-05
59,неслыханный_ADJ,0.6281235963106155,1.7658736068219447e-05
41,крупный_ADJ,0.6279966589063406,0.000306536652395363
0,беззаботный_ADJ,0.6253066882491112,9.549563000574164e-06
105,смелый_ADJ,0.6244498668238521,4.778779331197521e-05
100,семейный_ADJ,0.6241881921887398,0.00010079429387067444
19,дурацкий_ADJ,0.6220668219029903,2.1303079065147424e-05
71,открытый_ADJ,0.6217925623059273,0.00016472479866384742
42,крутой_ADJ,0.6168936286121607,6.64407827232043e-05
45,легкий_ADJ,0.6159734427928925,0.0003584533442645374
85,прекрасный_ADJ,0.6151553438976407,0.00028796569766987993
79,поразительный_ADJ,0.6150763472542167,2.9209139260858038e-05
10,высокий_ADJ,0.6149652570020407,0.0006225499861404901
98,свежий_ADJ,0.6143017075955868,0.00013370923047313686
120,уместный_ADJ,0.6124890148639679,1.357402651464099e-05
57,неприятный_ADJ,0.6119448374956846,0.0001094673381824827
107,страшный_ADJ,0.6111213294789195,0.0003873774598524243
121,умный_ADJ,0.6078732726164162,0.0001781912090050092
129,чистый_ADJ,0.6070295069366693,0.00025744651616277765
130,чудовищный_ADJ,0.6034397315233946,3.068836099376873e-05
75,пламенный_ADJ,0.6027607135474682,1.726286743592451e-05
39,красный_ADJ,0.6026013679802418,0.0004464156212851916
99,священный_ADJ,0.60246785543859,7.175446979953302e-05
95,резкий_ADJ,0.601929510012269,9.508914406866738e-05
8,вредный_ADJ,0.6016217488795519,6.647195816545223e-05
69,острый_ADJ,0.6013405546545982,0.00011618053148277538
86,привлекательный_ADJ,0.6012851651757956,2.6350424173000388e-05
49,мелкий_ADJ,0.6005915030837059,0.00019420825581385778
12,гнусный_ADJ,0.5995739437639713,2.4552531221196116e-05
133,яркий_ADJ,0.5990845370106399,0.00014032575765228283
123,холодный_ADJ,0.5983148366212845,0.00026856887373030524
5,вкусный_ADJ,0.5972578581422567,3.469379804716519e-05
94,растительный_ADJ,0.5968221928924322,1.9634350604201306e-05
124,хороший_ADJ,0.5967463254928589,0.001147619869074919
22,жестокий_ADJ,0.5961465621367097,8.325702033357107e-05
38,красивый_ADJ,0.5944810174405575,0.0002445938797225943
113,теплый_ADJ,0.5920501109212637,0.0001796996437838063
28,идеальный_ADJ,0.5909765735268593,4.56951159560239e-05
103,слабый_ADJ,0.5899284388870001,0.00017892519014044668
46,лишний_ADJ,0.5887410715222359,0.00011557399067450897
21,дьявольский_ADJ,0.5880884528160095,9.430877862922173e-06
104,слащавый_ADJ,0.5877388268709183,2.0272879737115165e-06
11,глупый_ADJ,0.587271811440587,0.00012398987144874283
18,достойный_ADJ,0.5856870301067829,9.592004882788347e-05
88,проклятый_ADJ,0.5838312469422817,3.5195844169876116e-05
43,культурный_ADJ,0.5832134671509266,0.0001049902272824874
60,несправедливый_ADJ,0.5821950323879719,2.6596424925179666e-05
20,душевный_ADJ,0.580010998994112,0.00010026737856634644
3,бесподобный_ADJ,0.5771260485053062,4.297097745143561e-06
52,надежный_ADJ,0.5754364430904388,5.193881598340193e-05
122,упрямый_ADJ,0.5753081478178501,1.1996523250585496e-05
92,прямой_ADJ,0.5722628496587276,0.000180116574691061
33,каменный_ADJ,0.5720505751669407,0.00012368050593585596
89,простой_ADJ,0.5719321593642235,0.0003868559749662943
125,человеческий_ADJ,0.5701810354366899,0.00035494130526489035
29,известный_ADJ,0.5695381872355938,0.0006852867738331865
47,лучший_ADJ,0.5689761526882648,0.0003669825539098141
102,сильный_ADJ,0.5688456110656261,0.00037899594105254494
31,интересный_ADJ,0.5608784295618534,0.0002922951203716949
68,опасный_ADJ,0.5608106851577759,0.00014951011355450556
27,золотой_ADJ,0.5601891241967678,0.00021516481150036054
80,последний_ADJ,0.5599483400583267,0.001125350301345522
54,настоящий_ADJ,0.5578348562121391,0.0004845500855976662
40,критический_ADJ,0.5557307600975037,4.3607098836769414e-05
91,прохладный_ADJ,0.5516747161746025,2.8835788680940903e-05
53,наибольший_ADJ,0.5508908405900002,4.045127295074277e-05
50,мягкий_ADJ,0.5507824011147022,0.00012660820173704404
110,сухой_ADJ,0.5476425588130951,0.00013718840805845007
70,ответственный_ADJ,0.5436084195971489,4.964481579582844e-05
77,полезный_ADJ,0.5425315499305725,0.00013985405389824664
115,тонкий_ADJ,0.5422098860144615,0.00019421041740049036
127,чертов_ADJ,0.5379616841673851,8.455512987042867e-06
15,грязный_ADJ,0.5377851352095604,0.00010524697181874199
112,сырой_ADJ,0.5376910455524921,4.3189549400515326e-05
116,трудный_ADJ,0.5333253890275955,0.0003819176227140698
78,положительный_ADJ,0.5333085730671883,6.955782303668568e-05
131,элементарный_ADJ,0.5331626385450363,2.7811205431201288e-05
34,качественный_ADJ,0.5317502319812775,2.6737743465125504e-05
101,серый_ADJ,0.5306543707847595,0.00017967420407779825
9,выгодный_ADJ,0.52813870459795,5.954111835544979e-05
4,важный_ADJ,0.5213499069213867,0.000492035364985188
126,черный_ADJ,0.5179939158260822,0.0005801520272732748
65,нормальный_ADJ,0.5164148584008217,0.00010532612872608147
13,голубой_ADJ,0.5155642926692963,0.00011816506181933045
25,зеленый_ADJ,0.512279748916626,0.00019465018508277939
106,соленый_ADJ,0.5091946870088577,2.277834112998367e-05
114,толстый_ADJ,0.4969429522752762,0.00014113028721767073
81,постный_ADJ,0.49406716227531433,1.0232588725689538e-05
117,тугой_ADJ,0.48565375059843063,1.4563392297644242e-05
6,вонючий_ADJ,0.48381880670785904,1.0623952251376467e-05
